<?xml version="1.0" encoding="UTF-8"?><module codename="org.netbeans.modules.favorites/1">
    <module_version install_time="1561116751015" last="true" origin="installer" specification_version="1.45.1">
        <file crc="1394443980" name="config/Modules/org-netbeans-modules-favorites.xml"/>
        <file crc="2057726819" name="modules/locale/org-netbeans-modules-favorites_ja.jar"/>
        <file crc="580438239" name="modules/locale/org-netbeans-modules-favorites_pt_BR.jar"/>
        <file crc="3942298267" name="modules/locale/org-netbeans-modules-favorites_ru.jar"/>
        <file crc="3702649935" name="modules/locale/org-netbeans-modules-favorites_zh_CN.jar"/>
        <file crc="877864685" name="modules/org-netbeans-modules-favorites.jar"/>
    </module_version>
</module>
