<?xml version="1.0" encoding="UTF-8"?><module codename="org.netbeans.swing.outline">
    <module_version install_time="1561116755489" last="true" origin="installer" specification_version="1.32.1">
        <file crc="3679534386" name="config/Modules/org-netbeans-swing-outline.xml"/>
        <file crc="1884849210" name="modules/locale/org-netbeans-swing-outline_ja.jar"/>
        <file crc="864552947" name="modules/locale/org-netbeans-swing-outline_pt_BR.jar"/>
        <file crc="1852089475" name="modules/locale/org-netbeans-swing-outline_ru.jar"/>
        <file crc="4260648325" name="modules/locale/org-netbeans-swing-outline_zh_CN.jar"/>
        <file crc="1981753096" name="modules/org-netbeans-swing-outline.jar"/>
    </module_version>
</module>
