<?xml version="1.0" encoding="UTF-8"?><module codename="org.netbeans.modules.javahelp/1">
    <module_version install_time="1561116751140" last="true" origin="installer" specification_version="2.40.1">
        <file crc="3126457443" name="config/Modules/org-netbeans-modules-javahelp.xml"/>
        <file crc="2051790136" name="modules/ext/jhall-2.0_05.jar"/>
        <file crc="2793033915" name="modules/locale/org-netbeans-modules-javahelp_ja.jar"/>
        <file crc="1158889826" name="modules/locale/org-netbeans-modules-javahelp_pt_BR.jar"/>
        <file crc="4802505" name="modules/locale/org-netbeans-modules-javahelp_ru.jar"/>
        <file crc="18434350" name="modules/locale/org-netbeans-modules-javahelp_zh_CN.jar"/>
        <file crc="1380910315" name="modules/org-netbeans-modules-javahelp.jar"/>
    </module_version>
</module>
