<?xml version="1.0" encoding="UTF-8"?><module codename="org.netbeans.libs.felix">
    <module_version install_time="1561116749717" last="true" origin="installer" specification_version="2.14.1">
        <file crc="1327048437" name="config/Modules/org-netbeans-libs-felix.xml"/>
        <file crc="2638952453" name="modules/ext/felix-4.2.1.jar"/>
        <file crc="2868635345" name="modules/locale/org-netbeans-libs-felix_ja.jar"/>
        <file crc="592369341" name="modules/locale/org-netbeans-libs-felix_pt_BR.jar"/>
        <file crc="823756483" name="modules/locale/org-netbeans-libs-felix_ru.jar"/>
        <file crc="3327889258" name="modules/locale/org-netbeans-libs-felix_zh_CN.jar"/>
        <file crc="644516581" name="modules/org-netbeans-libs-felix.jar"/>
    </module_version>
</module>
