<?xml version="1.0" encoding="UTF-8"?><module codename="org.netbeans.spi.quicksearch">
    <module_version install_time="1561116752475" last="true" origin="installer" specification_version="1.26.1">
        <file crc="2420451830" name="config/Modules/org-netbeans-spi-quicksearch.xml"/>
        <file crc="1536619639" name="modules/locale/org-netbeans-spi-quicksearch_ja.jar"/>
        <file crc="4022205444" name="modules/locale/org-netbeans-spi-quicksearch_pt_BR.jar"/>
        <file crc="1833056410" name="modules/locale/org-netbeans-spi-quicksearch_ru.jar"/>
        <file crc="3426402698" name="modules/locale/org-netbeans-spi-quicksearch_zh_CN.jar"/>
        <file crc="1286404870" name="modules/org-netbeans-spi-quicksearch.jar"/>
    </module_version>
</module>
