<?xml version="1.0" encoding="UTF-8"?><module codename="org.openide.execution.compat8">
    <module_version install_time="1561116752912" last="true" origin="installer" specification_version="9.1.1">
        <file crc="2906034987" name="config/Modules/org-openide-execution-compat8.xml"/>
        <file crc="139980050" name="modules/locale/org-openide-execution-compat8_ja.jar"/>
        <file crc="1552158110" name="modules/locale/org-openide-execution-compat8_pt_BR.jar"/>
        <file crc="1984992163" name="modules/locale/org-openide-execution-compat8_ru.jar"/>
        <file crc="387721155" name="modules/locale/org-openide-execution-compat8_zh_CN.jar"/>
        <file crc="1185843732" name="modules/org-openide-execution-compat8.jar"/>
    </module_version>
</module>
